{
	"credit": "Made with Blockbench",
	"textures": {
		"0": "block/flowerbloomdeep",
		"particle": "block/flowerbloomdeep"
	},
	"elements": [
		{
			"from": [6, 0, 10],
			"to": [10, 1, 10],
			"rotation": {"angle": 22.5, "axis": "x", "origin": [7, 0, 10]},
			"faces": {
				"north": {"uv": [8, 8, 12, 9], "texture": "#0"},
				"east": {"uv": [0, 0, 0, 1], "texture": "#0"},
				"south": {"uv": [8, 9, 12, 10], "texture": "#0"},
				"west": {"uv": [0, 0, 0, 1], "texture": "#0"},
				"up": {"uv": [4, 0, 0, 0], "texture": "#0"},
				"down": {"uv": [4, 0, 0, 0], "texture": "#0"}
			}
		},
		{
			"from": [10, 0, 6],
			"to": [10, 1, 10],
			"rotation": {"angle": -22.5, "axis": "z", "origin": [10, 0, 9]},
			"faces": {
				"north": {"uv": [0, 0, 0, 1], "texture": "#0"},
				"east": {"uv": [8, 10, 12, 11], "texture": "#0"},
				"south": {"uv": [0, 0, 0, 1], "texture": "#0"},
				"west": {"uv": [8, 11, 12, 12], "texture": "#0"},
				"up": {"uv": [0, 4, 0, 0], "texture": "#0"},
				"down": {"uv": [0, 0, 0, 4], "texture": "#0"}
			}
		},
		{
			"from": [6, 0, 6],
			"to": [6, 1, 10],
			"rotation": {"angle": 22.5, "axis": "z", "origin": [6, 0, 8]},
			"faces": {
				"north": {"uv": [0, 0, 0, 1], "texture": "#0"},
				"east": {"uv": [0, 12, 4, 13], "texture": "#0"},
				"south": {"uv": [0, 0, 0, 1], "texture": "#0"},
				"west": {"uv": [12, 0, 16, 1], "texture": "#0"},
				"up": {"uv": [0, 4, 0, 0], "texture": "#0"},
				"down": {"uv": [0, 0, 0, 4], "texture": "#0"}
			}
		},
		{
			"from": [6, 0, 6],
			"to": [10, 1, 6],
			"rotation": {"angle": -22.5, "axis": "x", "origin": [7, 0, 6]},
			"faces": {
				"north": {"uv": [12, 1, 16, 2], "texture": "#0"},
				"east": {"uv": [0, 0, 0, 1], "texture": "#0"},
				"south": {"uv": [12, 2, 16, 3], "texture": "#0"},
				"west": {"uv": [0, 0, 0, 1], "texture": "#0"},
				"up": {"uv": [4, 0, 0, 0], "texture": "#0"},
				"down": {"uv": [4, 0, 0, 0], "texture": "#0"}
			}
		},
		{
			"from": [4, 3, 7],
			"to": [6, 5, 9],
			"rotation": {"angle": 0, "axis": "y", "origin": [3, 3, 7]},
			"faces": {
				"north": {"uv": [12, 3, 14, 5], "texture": "#0"},
				"east": {"uv": [4, 12, 6, 14], "texture": "#0"},
				"south": {"uv": [12, 5, 14, 7], "texture": "#0"},
				"west": {"uv": [6, 12, 8, 14], "texture": "#0"},
				"up": {"uv": [14, 9, 12, 7], "texture": "#0"},
				"down": {"uv": [10, 12, 8, 14], "texture": "#0"}
			}
		},
		{
			"from": [6, 0, 6],
			"to": [10, 0, 10],
			"rotation": {"angle": 0, "axis": "y", "origin": [7, 0, 7]},
			"faces": {
				"north": {"uv": [0, 0, 4, 0], "texture": "#0"},
				"east": {"uv": [0, 0, 4, 0], "texture": "#0"},
				"south": {"uv": [0, 0, 4, 0], "texture": "#0"},
				"west": {"uv": [0, 0, 4, 0], "texture": "#0"},
				"up": {"uv": [4, 4, 0, 0], "texture": "#0"},
				"down": {"uv": [4, 4, 0, 8], "texture": "#0"}
			}
		},
		{
			"from": [6, 5, 6],
			"to": [10, 9, 10],
			"rotation": {"angle": 0, "axis": "y", "origin": [7, 5, 6]},
			"faces": {
				"north": {"uv": [4, 0, 8, 4], "texture": "#0"},
				"east": {"uv": [4, 4, 8, 8], "texture": "#0"},
				"south": {"uv": [0, 8, 4, 12], "texture": "#0"},
				"west": {"uv": [8, 0, 12, 4], "texture": "#0"},
				"up": {"uv": [8, 12, 4, 8], "texture": "#0"},
				"down": {"uv": [12, 4, 8, 8], "texture": "#0"}
			}
		},
		{
			"from": [7, 4, 7],
			"to": [9, 5, 9],
			"rotation": {"angle": 0, "axis": "y", "origin": [7, 0, 7]},
			"faces": {
				"north": {"uv": [14, 11, 16, 12], "texture": "#0"},
				"east": {"uv": [14, 12, 16, 13], "texture": "#0"},
				"south": {"uv": [14, 13, 16, 14], "texture": "#0"},
				"west": {"uv": [14, 14, 16, 15], "texture": "#0"},
				"up": {"uv": [14, 11, 12, 9], "texture": "#0"},
				"down": {"uv": [12, 12, 10, 14], "texture": "#0"}
			}
		},
		{
			"from": [6, 2, 7],
			"to": [8, 4, 9],
			"rotation": {"angle": 0, "axis": "y", "origin": [6, -1, 7]},
			"faces": {
				"north": {"uv": [12, 11, 14, 13], "texture": "#0"},
				"east": {"uv": [0, 13, 2, 15], "texture": "#0"},
				"south": {"uv": [2, 13, 4, 15], "texture": "#0"},
				"west": {"uv": [12, 13, 14, 15], "texture": "#0"},
				"up": {"uv": [16, 5, 14, 3], "texture": "#0"},
				"down": {"uv": [6, 14, 4, 16], "texture": "#0"}
			}
		},
		{
			"from": [7, 0, 7],
			"to": [9, 2, 9],
			"rotation": {"angle": 0, "axis": "y", "origin": [7, 0, 7]},
			"faces": {
				"north": {"uv": [14, 5, 16, 7], "texture": "#0"},
				"east": {"uv": [6, 14, 8, 16], "texture": "#0"},
				"south": {"uv": [14, 7, 16, 9], "texture": "#0"},
				"west": {"uv": [8, 14, 10, 16], "texture": "#0"},
				"up": {"uv": [16, 11, 14, 9], "texture": "#0"},
				"down": {"uv": [12, 14, 10, 16], "texture": "#0"}
			}
		}
	],
	"display": {
		"thirdperson_righthand": {
			"translation": [0, 7.5, 2]
		}
	},
	"groups": [
		{
			"name": "group",
			"origin": [7, 0, 7],
			"color": 0,
			"children": [0, 1, 2, 3, 4, 5, 6, 7, 8, 9]
		}
	]
}