{
	"credit": "Made with Blockbench",
	"texture_size": [32, 32],
	"textures": {
		"0": "skepter",
		"particle": "skepter"
	},
	"elements": [
		{
			"from": [7, 4, 9],
			"to": [9, 8, 11],
			"rotation": {"angle": 0, "axis": "y", "origin": [7, 5, 9]},
			"faces": {
				"north": {"uv": [6, 0, 7, 2], "texture": "#0"},
				"east": {"uv": [6, 2, 7, 4], "texture": "#0"},
				"south": {"uv": [6, 4, 7, 6], "texture": "#0"},
				"west": {"uv": [6, 6, 7, 8], "texture": "#0"},
				"up": {"uv": [3, 7.5, 2, 6.5], "texture": "#0"},
				"down": {"uv": [4, 6.5, 3, 7.5], "texture": "#0"}
			}
		},
		{
			"from": [6, 8, 8],
			"to": [10, 17, 12],
			"rotation": {"angle": 0, "axis": "y", "origin": [6, 9, 9]},
			"faces": {
				"north": {"uv": [0, 0, 2, 4.5], "texture": "#0"},
				"east": {"uv": [2, 0, 4, 4.5], "texture": "#0"},
				"south": {"uv": [4, 0, 6, 4.5], "texture": "#0"},
				"west": {"uv": [0, 4.5, 2, 9], "texture": "#0"},
				"up": {"uv": [4, 6.5, 2, 4.5], "texture": "#0"},
				"down": {"uv": [6, 4.5, 4, 6.5], "texture": "#0"}
			}
		},
		{
			"from": [7, 17, 9],
			"to": [9, 18, 11],
			"rotation": {"angle": 0, "axis": "y", "origin": [6, 11, 9]},
			"faces": {
				"north": {"uv": [7, 0, 8, 0.5], "texture": "#0"},
				"east": {"uv": [7, 0.5, 8, 1], "texture": "#0"},
				"south": {"uv": [7, 1, 8, 1.5], "texture": "#0"},
				"west": {"uv": [7, 1.5, 8, 2], "texture": "#0"},
				"up": {"uv": [5, 7.5, 4, 6.5], "texture": "#0"},
				"down": {"uv": [6, 6.5, 5, 7.5], "texture": "#0"}
			}
		}
	],
	"display": {
		"thirdperson_righthand": {
			"translation": [0, 0.25, 0],
			"scale": [1, 1, 1.15]
		},
		"firstperson_righthand": {
			"rotation": [-14, 3, 0],
			"translation": [-1, 1.75, 0]
		},
		"firstperson_lefthand": {
			"rotation": [-5, 0, 6],
			"translation": [-1.5, 2.75, 0]
		},
		"ground": {
			"rotation": [0, 0, -95.75],
			"translation": [2.5, 0, -1]
		},
		"gui": {
			"rotation": [0, 29, 23],
			"translation": [-0.25, -2, 0]
		},
		"head": {
			"rotation": [-129, 0, 0],
			"translation": [0, 8.5, 0]
		},
		"fixed": {
			"translation": [0, 0, -2.25]
		}
	}
}