{
  "_fv": 69,
  "_type": "fluid",
  "definition": {
    "name": "Bludge",
    "bucketName": "Bludge Bucket",
    "textureStill": "bludge-still",
    "textureFlowing": "bludge-flow",
    "tintType": "No tint",
    "canMultiply": true,
    "flowRate": 5,
    "levelDecrease": 1,
    "slopeFindDistance": 4,
    "spawnParticles": true,
    "dripParticle": {
      "value": "SPIT"
    },
    "flowStrength": 1.0,
    "luminosity": 0,
    "density": 1000,
    "viscosity": 1000,
    "temperature": 300,
    "type": "WATER",
    "generateBucket": true,
    "textureBucket": "bludge_bucket",
    "creativeTabs": [],
    "emptySound": {
      "value": ""
    },
    "rarity": "COMMON",
    "specialInformation": {
      "fixedValue": []
    },
    "resistance": 100.0,
    "luminance": 0,
    "lightOpacity": 1,
    "emissiveRendering": false,
    "tickRate": 0,
    "flammability": 0,
    "fireSpreadSpeed": 0,
    "colorOnMap": "DEFAULT"
  }
}