{
  "_fv": 69,
  "_type": "recipe",
  "definition": {
    "recipeType": "Crafting",
    "recipeRetstackSize": 1,
    "group": "",
    "cookingBookCategory": "MISC",
    "xpReward": 0.0,
    "cookingTime": 200,
    "craftingBookCategory": "MISC",
    "recipeShapeless": false,
    "recipeSlots": [
      {
        "value": "CUSTOM:UselessDisk3Evenmoreuseless"
      },
      {
        "value": "CUSTOM:TheUselessDisk"
      },
      {
        "value": "CUSTOM:UselessDisk3Evenmoreuseless"
      },
      {
        "value": "CUSTOM:UselessDisk2UselessBoogaloo"
      },
      {
        "value": "CUSTOM:DiskOfTheIngot"
      },
      {
        "value": "CUSTOM:UselessDisk2UselessBoogaloo"
      },
      {
        "value": "CUSTOM:UselessDisk3Evenmoreuseless"
      },
      {
        "value": "CUSTOM:TheUselessDisk"
      },
      {
        "value": "CUSTOM:UselessDisk3Evenmoreuseless"
      }
    ],
    "recipeReturnStack": {
      "value": "CUSTOM:DisoIngot"
    },
    "name": "diso_ore_smelting",
    "namespace": "mod"
  }
}