{
  "_fv": 69,
  "_type": "fluid",
  "definition": {
    "name": "Glub",
    "bucketName": "Bucket of Sludgy Glub",
    "textureStill": "wawastill",
    "textureFlowing": "wawaflow",
    "tintType": "No tint",
    "canMultiply": false,
    "flowRate": 5,
    "levelDecrease": 1,
    "slopeFindDistance": 4,
    "spawnParticles": false,
    "dripParticle": {
      "value": "WATER_BUBBLE"
    },
    "flowStrength": 1.0,
    "luminosity": 0,
    "density": 1000,
    "viscosity": 1000,
    "temperature": 300,
    "type": "WATER",
    "generateBucket": true,
    "textureBucket": "glubsludge",
    "creativeTabs": [
      {
        "value": "CUSTOM:Thescepters"
      }
    ],
    "emptySound": {
      "value": ""
    },
    "rarity": "COMMON",
    "specialInformation": {
      "fixedValue": [
        "Its sludge called glub"
      ]
    },
    "resistance": 100.0,
    "luminance": 0,
    "lightOpacity": 1,
    "emissiveRendering": false,
    "tickRate": 0,
    "flammability": 0,
    "fireSpreadSpeed": 0,
    "colorOnMap": "DEFAULT"
  }
}