{
  "_fv": 69,
  "_type": "recipe",
  "definition": {
    "recipeType": "Crafting",
    "recipeRetstackSize": 3,
    "group": "bark",
    "cookingBookCategory": "MISC",
    "xpReward": 0.0,
    "cookingTime": 200,
    "craftingBookCategory": "BUILDING",
    "recipeShapeless": false,
    "recipeSlots": [
      {
        "value": "CUSTOM:HarkLog"
      },
      {
        "value": "CUSTOM:HarkLog"
      },
      {
        "value": ""
      },
      {
        "value": "CUSTOM:HarkLog"
      },
      {
        "value": "CUSTOM:HarkLog"
      },
      {
        "value": ""
      },
      {
        "value": ""
      },
      {
        "value": ""
      },
      {
        "value": ""
      }
    ],
    "recipeReturnStack": {
      "value": "CUSTOM:HarkWood"
    },
    "name": "hark_wood_recipe",
    "namespace": "mod"
  }
}