{
  "_fv": 69,
  "_type": "tool",
  "definition": {
    "toolType": "Pickaxe",
    "renderType": 0,
    "blockingRenderType": 0,
    "texture": "newskepter",
    "customModelName": "Normal",
    "blockingModelName": "Normal blocking",
    "name": "New Skepter",
    "specialInformation": {
      "fixedValue": [
        "why not make a retexture a sepreate item"
      ]
    },
    "creativeTabs": [
      {
        "value": "TOOLS"
      }
    ],
    "efficiency": 5.0,
    "attackSpeed": 2.0,
    "enchantability": 2,
    "damageVsEntity": 5.0,
    "usageCount": 110,
    "glowCondition": {
      "fixedValue": false
    },
    "repairItems": [],
    "immuneToFire": true,
    "blockDropsTier": "IRON",
    "blocksAffected": [],
    "stayInGridWhenCrafting": false,
    "damageOnCrafting": false
  }
}