{
  "_fv": 69,
  "_type": "dimension",
  "definition": {
    "biomesInDimension": [
      {
        "value": "CUSTOM:DeepShade"
      }
    ],
    "worldGenType": "Normal world gen",
    "mainFillerBlock": {
      "value": "CUSTOM:Nolandbricks"
    },
    "fluidBlock": {
      "value": "CUSTOM:Bludge"
    },
    "airColor": {
      "value": -16777179,
      "falpha": 0.0
    },
    "canRespawnHere": false,
    "hasFog": true,
    "isDark": true,
    "doesWaterVaporize": false,
    "sleepResult": "DENY",
    "hasSkyLight": false,
    "imitateOverworldBehaviour": false,
    "portalFrame": {
      "value": "CUSTOM:Gemblock"
    },
    "portalParticles": {
      "value": "SPIT"
    },
    "portalLuminance": 7,
    "portalSound": {
      "value": "block.portal.ambient"
    },
    "enableIgniter": true,
    "igniterName": "The DARK soup",
    "igniterRarity": "EPIC",
    "specialInformation": {
      "fixedValue": [
        "legend says that if you spill this soup on a frame of gemblocks a dark world opens"
      ]
    },
    "creativeTabs": [
      {
        "value": "TOOLS"
      }
    ],
    "texture": "darksoup",
    "portalTexture": "deadportal",
    "enablePortal": true
  }
}