{
  "_fv": 69,
  "_type": "tool",
  "definition": {
    "toolType": "Sword",
    "renderType": 0,
    "blockingRenderType": 0,
    "texture": "overpowerskepter",
    "customModelName": "Normal",
    "blockingModelName": "Normal blocking",
    "name": "Overpowerskepter",
    "specialInformation": {
      "fixedValue": [
        "this is your award for going through 5 disk levels the best skepter"
      ]
    },
    "creativeTabs": [
      {
        "value": "TOOLS"
      }
    ],
    "efficiency": 4.0,
    "attackSpeed": 0.19999999999999998,
    "enchantability": 2,
    "damageVsEntity": 25.0,
    "usageCount": 300,
    "glowCondition": {
      "fixedValue": true
    },
    "repairItems": [],
    "immuneToFire": true,
    "blockDropsTier": "STONE",
    "blocksAffected": [],
    "stayInGridWhenCrafting": false,
    "damageOnCrafting": false
  }
}