{
  "_fv": 69,
  "_type": "recipe",
  "definition": {
    "recipeType": "Crafting",
    "recipeRetstackSize": 2,
    "group": "",
    "cookingBookCategory": "MISC",
    "xpReward": 0.0,
    "cookingTime": 200,
    "craftingBookCategory": "MISC",
    "recipeShapeless": false,
    "recipeSlots": [
      {
        "value": "Items.FLINT"
      },
      {
        "value": "CUSTOM:Plosis"
      },
      {
        "value": "CUSTOM:SkuttleGem"
      },
      {
        "value": "CUSTOM:UselessDisk2UselessBoogaloo"
      },
      {
        "value": "CUSTOM:DiskOfTheIngot"
      },
      {
        "value": "CUSTOM:UselessDisk2UselessBoogaloo"
      },
      {
        "value": "CUSTOM:TheUselessDisk"
      },
      {
        "value": "CUSTOM:UselessDisk3Evenmoreuseless"
      },
      {
        "value": "CUSTOM:TheUselessDisk"
      }
    ],
    "recipeReturnStack": {
      "value": "CUSTOM:Overpowerdisk"
    },
    "name": "overpower",
    "namespace": "mod"
  }
}