{
  "_fv": 69,
  "_type": "dimension",
  "definition": {
    "biomesInDimension": [
      {
        "value": "CUSTOM:Lucidlands"
      }
    ],
    "worldGenType": "Normal world gen",
    "mainFillerBlock": {
      "value": "CUSTOM:Combblock"
    },
    "fluidBlock": {
      "value": "CUSTOM:Glub"
    },
    "airColor": {
      "value": -6684724,
      "falpha": 0.0
    },
    "canRespawnHere": false,
    "hasFog": false,
    "isDark": false,
    "doesWaterVaporize": false,
    "sleepResult": "ALLOW",
    "hasSkyLight": true,
    "imitateOverworldBehaviour": false,
    "portalFrame": {
      "value": "CUSTOM:IgnosaBlock"
    },
    "portalParticles": {
      "value": "PORTAL"
    },
    "portalLuminance": 4,
    "portalSound": {
      "value": "block.portal.ambient"
    },
    "enableIgniter": true,
    "igniterName": "Stange Lucid Object",
    "igniterRarity": "COMMON",
    "specialInformation": {
      "fixedValue": [
        "Strange object looks like it can ignite a portal frame"
      ]
    },
    "creativeTabs": [
      {
        "value": "CUSTOM:Thescepters"
      }
    ],
    "texture": "strangeobject",
    "portalTexture": "portalish",
    "enablePortal": true
  }
}