{
  "_fv": 69,
  "_type": "item",
  "definition": {
    "renderType": 0,
    "texture": "rawlatic",
    "customModelName": "Normal",
    "customProperties": {},
    "states": [],
    "name": "Rawlatic",
    "rarity": "COMMON",
    "creativeTabs": [
      {
        "value": "CUSTOM:Thescepters"
      }
    ],
    "stackSize": 64,
    "enchantability": 0,
    "useDuration": 32,
    "toolType": 1.0,
    "damageCount": 0,
    "recipeRemainder": {
      "value": ""
    },
    "destroyAnyBlock": false,
    "immuneToFire": false,
    "stayInGridWhenCrafting": false,
    "damageOnCrafting": false,
    "enableMeleeDamage": false,
    "damageVsEntity": 0.0,
    "specialInformation": {
      "fixedValue": [
        "the meat of the Lane species",
        "some say it tastes like seasoned hamburger patty but don't eat it raw"
      ]
    },
    "glowCondition": {
      "fixedValue": false
    },
    "guiBoundTo": "<NONE>",
    "inventorySize": 9,
    "inventoryStackSize": 64,
    "enableRanged": false,
    "shootConstantly": false,
    "rangedItemChargesPower": false,
    "projectile": {
      "value": "CUSTOM:ThrowingBrickProjectile"
    },
    "projectileDisableAmmoCheck": false,
    "isFood": true,
    "nutritionalValue": -1,
    "saturation": 0.3,
    "eatResultItem": {
      "value": "Items.BONE"
    },
    "isMeat": true,
    "isAlwaysEdible": false,
    "animation": "eat"
  }
}