{
  "_fv": 69,
  "_type": "tool",
  "definition": {
    "toolType": "Sword",
    "renderType": 0,
    "blockingRenderType": 0,
    "texture": "septusskepter",
    "customModelName": "Normal",
    "blockingModelName": "Normal blocking",
    "name": "Septus Skepter",
    "specialInformation": {
      "fixedValue": [
        "skepter inhanced with septus"
      ]
    },
    "creativeTabs": [
      {
        "value": "COMBAT"
      }
    ],
    "efficiency": 4.0,
    "attackSpeed": 3.9,
    "enchantability": 1,
    "damageVsEntity": 7.0,
    "usageCount": 105,
    "glowCondition": {
      "fixedValue": true
    },
    "repairItems": [],
    "immuneToFire": false,
    "blockDropsTier": "NETHERITE",
    "blocksAffected": [],
    "stayInGridWhenCrafting": false,
    "damageOnCrafting": false
  }
}