{
  "_fv": 69,
  "_type": "villagertrade",
  "definition": {
    "tradeEntries": [
      {
        "villagerProfession": {
          "value": "CUSTOM:SkepticTrade"
        },
        "entries": [
          {
            "price1": {
              "value": "CUSTOM:SkepterShard"
            },
            "countPrice1": 4,
            "price2": {
              "value": "CUSTOM:Glub.bucket"
            },
            "countPrice2": 2,
            "offer": {
              "value": "CUSTOM:TheUselessDisk"
            },
            "countOffer": 1,
            "level": 1,
            "maxTrades": 10,
            "xp": 5,
            "priceMultiplier": 0.05
          },
          {
            "price1": {
              "value": "CUSTOM:Plosis"
            },
            "countPrice1": 5,
            "price2": {
              "value": ""
            },
            "countPrice2": 1,
            "offer": {
              "value": "CUSTOM:SkuttleGem"
            },
            "countOffer": 3,
            "level": 1,
            "maxTrades": 10,
            "xp": 5,
            "priceMultiplier": 0.05
          },
          {
            "price1": {
              "value": "CUSTOM:Tissuebox"
            },
            "countPrice1": 2,
            "price2": {
              "value": ""
            },
            "countPrice2": 1,
            "offer": {
              "value": "CUSTOM:UselessDisk2UselessBoogaloo"
            },
            "countOffer": 1,
            "level": 2,
            "maxTrades": 10,
            "xp": 5,
            "priceMultiplier": 0.05
          },
          {
            "price1": {
              "value": "CUSTOM:Lucidplant"
            },
            "countPrice1": 1,
            "price2": {
              "value": ""
            },
            "countPrice2": 1,
            "offer": {
              "value": "CUSTOM:UselessDisk3Evenmoreuseless"
            },
            "countOffer": 1,
            "level": 3,
            "maxTrades": 10,
            "xp": 5,
            "priceMultiplier": 0.05
          },
          {
            "price1": {
              "value": "CUSTOM:SkepterHandle"
            },
            "countPrice1": 1,
            "price2": {
              "value": "CUSTOM:SkepterShard"
            },
            "countPrice2": 1,
            "offer": {
              "value": "CUSTOM:BasicSkepter"
            },
            "countOffer": 1,
            "level": 4,
            "maxTrades": 10,
            "xp": 5,
            "priceMultiplier": 0.05
          },
          {
            "price1": {
              "value": "CUSTOM:GlainGem"
            },
            "countPrice1": 3,
            "price2": {
              "value": "CUSTOM:BreakstoneIngot"
            },
            "countPrice2": 1,
            "offer": {
              "value": "CUSTOM:BottleOfStangeLiquid"
            },
            "countOffer": 1,
            "level": 3,
            "maxTrades": 10,
            "xp": 5,
            "priceMultiplier": 0.05
          },
          {
            "price1": {
              "value": "CUSTOM:BreakstoneOre"
            },
            "countPrice1": 1,
            "price2": {
              "value": "CUSTOM:Bluesflesh"
            },
            "countPrice2": 5,
            "offer": {
              "value": "CUSTOM:EnosisDust"
            },
            "countOffer": 1,
            "level": 2,
            "maxTrades": 10,
            "xp": 5,
            "priceMultiplier": 0.05
          },
          {
            "price1": {
              "value": "CUSTOM:Cookedlatic"
            },
            "countPrice1": 1,
            "price2": {
              "value": ""
            },
            "countPrice2": 1,
            "offer": {
              "value": "CUSTOM:BreakstoneSword"
            },
            "countOffer": 1,
            "level": 4,
            "maxTrades": 10,
            "xp": 5,
            "priceMultiplier": 0.05
          },
          {
            "price1": {
              "value": "Items.HONEY_BOTTLE"
            },
            "countPrice1": 1,
            "price2": {
              "value": ""
            },
            "countPrice2": 1,
            "offer": {
              "value": "CUSTOM:Hammer"
            },
            "countOffer": 1,
            "level": 1,
            "maxTrades": 10,
            "xp": 5,
            "priceMultiplier": 0.05
          },
          {
            "price1": {
              "value": "CUSTOM:BreakstoneIngot"
            },
            "countPrice1": 2,
            "price2": {
              "value": "CUSTOM:HandliteIngot"
            },
            "countPrice2": 1,
            "offer": {
              "value": "CUSTOM:TheLucidsword"
            },
            "countOffer": 1,
            "level": 4,
            "maxTrades": 10,
            "xp": 5,
            "priceMultiplier": 0.05
          },
          {
            "price1": {
              "value": "CUSTOM:Hamblepepper"
            },
            "countPrice1": 25,
            "price2": {
              "value": "CUSTOM:HIosisBlock"
            },
            "countPrice2": 6,
            "offer": {
              "value": "CUSTOM:SkepticDimension"
            },
            "countOffer": 1,
            "level": 5,
            "maxTrades": 10,
            "xp": 5,
            "priceMultiplier": 0.05
          },
          {
            "price1": {
              "value": "CUSTOM:Overpowerdisk"
            },
            "countPrice1": 2,
            "price2": {
              "value": "CUSTOM:GlainGemAxe"
            },
            "countPrice2": 1,
            "offer": {
              "value": "CUSTOM:Purpo"
            },
            "countOffer": 1,
            "level": 5,
            "maxTrades": 10,
            "xp": 5,
            "priceMultiplier": 0.05
          }
        ]
      }
    ]
  }
}