{
  "_fv": 69,
  "_type": "recipe",
  "definition": {
    "recipeType": "Crafting",
    "recipeRetstackSize": 3,
    "group": "",
    "cookingBookCategory": "MISC",
    "xpReward": 0.0,
    "cookingTime": 200,
    "craftingBookCategory": "MISC",
    "recipeShapeless": false,
    "recipeSlots": [
      {
        "value": "CUSTOM:StrockwoodLog"
      },
      {
        "value": "CUSTOM:StrockwoodLog"
      },
      {
        "value": ""
      },
      {
        "value": "CUSTOM:StrockwoodLog"
      },
      {
        "value": "CUSTOM:StrockwoodLog"
      },
      {
        "value": ""
      },
      {
        "value": ""
      },
      {
        "value": ""
      },
      {
        "value": ""
      }
    ],
    "recipeReturnStack": {
      "value": "CUSTOM:StrockwoodWood"
    },
    "name": "strockwood_wood_recipe",
    "namespace": "mod"
  }
}