{
  "_fv": 69,
  "_type": "tool",
  "definition": {
    "toolType": "Sword",
    "renderType": 0,
    "blockingRenderType": 0,
    "texture": "lucidsword",
    "customModelName": "Normal",
    "blockingModelName": "Normal blocking",
    "name": "The Lucidsword",
    "specialInformation": {
      "fixedValue": [
        "his sword it's... strange"
      ]
    },
    "creativeTabs": [
      {
        "value": "CUSTOM:Thescepters"
      }
    ],
    "efficiency": 8.5,
    "attackSpeed": 0.5,
    "enchantability": 2,
    "damageVsEntity": 0.0,
    "usageCount": 100,
    "glowCondition": {
      "fixedValue": true
    },
    "repairItems": [],
    "immuneToFire": true,
    "blockDropsTier": "NETHERITE",
    "blocksAffected": [],
    "stayInGridWhenCrafting": false,
    "damageOnCrafting": false
  }
}