{
  "_fv": 69,
  "_type": "fluid",
  "definition": {
    "name": "Waster",
    "bucketName": "Waster Bucket",
    "textureStill": "flowing_block",
    "textureFlowing": "flowing_block",
    "tintType": "No tint",
    "canMultiply": true,
    "flowRate": 5,
    "levelDecrease": 1,
    "slopeFindDistance": 4,
    "spawnParticles": false,
    "dripParticle": {
      "value": "EXPLOSION_NORMAL"
    },
    "flowStrength": 1.0,
    "luminosity": 0,
    "density": 1000,
    "viscosity": 1000,
    "temperature": 300,
    "type": "WATER",
    "generateBucket": true,
    "textureBucket": "buckliquid",
    "creativeTabs": [
      {
        "value": "MISC"
      }
    ],
    "emptySound": {
      "value": ""
    },
    "rarity": "COMMON",
    "specialInformation": {
      "fixedValue": []
    },
    "resistance": 100.0,
    "luminance": 0,
    "lightOpacity": 1,
    "emissiveRendering": false,
    "tickRate": 10,
    "flammability": 0,
    "fireSpreadSpeed": 0,
    "colorOnMap": "DEFAULT"
  }
}